id,user_id,filename,file_url,content,created_at
398f1731-9dfd-4a42-b095-61a45e5d8d10,ca188942-117c-4e34-93e9-dcec8fda761d,resume_user1.pdf,https://example.com/resumes/resume_user1.pdf,This is a sample resume content for User1. Experienced in field 0.,2025-09-08 12:00:00+05:30
aa6940ee-52eb-48a5-a216-c2900f7cfcf0,3701c786-3ea9-4f89-8e8d-f9dbd54108a9,resume_user2.pdf,https://example.com/resumes/resume_user2.pdf,This is a sample resume content for User2. Experienced in field 1.,2025-09-08 12:01:00+05:30
aeab3959-fd11-4d69-a8d4-8e4a73a8e77c,45686d1c-1f65-4879-8bce-75d938a0a8c1,resume_user3.pdf,https://example.com/resumes/resume_user3.pdf,This is a sample resume content for User3. Experienced in field 2.,2025-09-08 12:02:00+05:30
a8a0dc90-3c4b-4de7-8fa3-ecda50242a46,7cdce910-85e2-4e8d-9b33-d1717cf8a9d5,resume_user4.pdf,https://example.com/resumes/resume_user4.pdf,This is a sample resume content for User4. Experienced in field 3.,2025-09-08 12:03:00+05:30
f7f1b615-72c4-4d75-bdb2-43ce0412ff7c,a861324e-152f-432a-b6ac-67a2e2632b1b,resume_user5.pdf,https://example.com/resumes/resume_user5.pdf,This is a sample resume content for User5. Experienced in field 4.,2025-09-08 12:04:00+05:30
2bc774d4-db1f-440e-b560-abe52339997a,920150e1-9e8b-4fed-b8df-8e491e980e18,resume_user6.pdf,https://example.com/resumes/resume_user6.pdf,This is a sample resume content for User6. Experienced in field 5.,2025-09-08 12:05:00+05:30
9c48c688-046e-4163-aedc-27100be242b7,4608a070-cf78-4d3d-9da2-d688ab230f8e,resume_user7.pdf,https://example.com/resumes/resume_user7.pdf,This is a sample resume content for User7. Experienced in field 6.,2025-09-08 12:06:00+05:30
9af19abe-408d-45a6-991b-c407136a5b67,c0b07158-1ef4-4468-94b6-40731c27eb18,resume_user8.pdf,https://example.com/resumes/resume_user8.pdf,This is a sample resume content for User8. Experienced in field 7.,2025-09-08 12:07:00+05:30
8e118acf-84ae-4b01-9202-a0c75be3c889,cf3bba0c-30f3-42f3-bba8-dd74d5ad1843,resume_user9.pdf,https://example.com/resumes/resume_user9.pdf,This is a sample resume content for User9. Experienced in field 8.,2025-09-08 12:08:00+05:30
2112ebb9-9d2f-44d8-bc2f-4a760778f7f7,1d78c385-f913-4c39-9d2c-9ca381a75d21,resume_user10.pdf,https://example.com/resumes/resume_user10.pdf,This is a sample resume content for User10. Experienced in field 9.,2025-09-08 12:09:00+05:30
e3e2c161-46d0-4616-8e0c-e45d77f636f2,3779825c-aabe-4c27-93a5-b97730a5e795,resume_user11.pdf,https://example.com/resumes/resume_user11.pdf,This is a sample resume content for User11. Experienced in field 0.,2025-09-08 12:10:00+05:30
ec458cb0-0204-4514-b635-19a45b6eabc4,758d2185-4e66-4311-8dd8-bbe94fc12942,resume_user12.pdf,https://example.com/resumes/resume_user12.pdf,This is a sample resume content for User12. Experienced in field 1.,2025-09-08 12:11:00+05:30
9dcd7add-73f4-4a73-8a05-4f61634b8d06,598e7691-fb05-4401-91fc-5a30231b8bc8,resume_user13.pdf,https://example.com/resumes/resume_user13.pdf,This is a sample resume content for User13. Experienced in field 2.,2025-09-08 12:12:00+05:30
08f3a3a3-1f1c-4fbe-a245-d4cb6605943c,f0833e34-9fce-4beb-8d8b-eb3eb3ad38ee,resume_user14.pdf,https://example.com/resumes/resume_user14.pdf,This is a sample resume content for User14. Experienced in field 3.,2025-09-08 12:13:00+05:30
4924b069-75b9-4a61-9592-dc8a0a7cb7e4,fcf21943-731d-495a-af01-9cd39b708f73,resume_user15.pdf,https://example.com/resumes/resume_user15.pdf,This is a sample resume content for User15. Experienced in field 4.,2025-09-08 12:14:00+05:30
0aba7cdd-8936-4331-a8f9-20450bffc64c,3381cf02-7330-4525-ae32-1868b9b1ca4b,resume_user16.pdf,https://example.com/resumes/resume_user16.pdf,This is a sample resume content for User16. Experienced in field 5.,2025-09-08 12:15:00+05:30
280329b5-bb85-4f87-9409-90097503a962,9a8c12f5-85ca-413f-b7f8-59b978d62a69,resume_user17.pdf,https://example.com/resumes/resume_user17.pdf,This is a sample resume content for User17. Experienced in field 6.,2025-09-08 12:16:00+05:30
1f8049ea-9fc7-4aa6-84d5-6a6372752991,98281a31-d1d7-4dee-9f1c-45208640dac4,resume_user18.pdf,https://example.com/resumes/resume_user18.pdf,This is a sample resume content for User18. Experienced in field 7.,2025-09-08 12:17:00+05:30
bbb3fe01-624d-4a1b-a749-7795c0abc0a5,b3db9def-ae1b-403b-afa4-0e1c98f12ce4,resume_user19.pdf,https://example.com/resumes/resume_user19.pdf,This is a sample resume content for User19. Experienced in field 8.,2025-09-08 12:18:00+05:30
c5eb2dd9-dc61-4866-9547-debc1adf9251,0dfe7857-cdb0-4500-abfd-4e9d6a7b7d7a,resume_user20.pdf,https://example.com/resumes/resume_user20.pdf,This is a sample resume content for User20. Experienced in field 9.,2025-09-08 12:19:00+05:30
b86f8b84-3fe7-4ee9-b123-2fa323910be6,8d325f5d-4791-476c-8534-71f56dc42835,resume_user21.pdf,https://example.com/resumes/resume_user21.pdf,This is a sample resume content for User21. Experienced in field 0.,2025-09-08 12:20:00+05:30
088be980-4058-407f-9495-fc493ac6cb3f,dfe7e641-3099-40a6-8633-cbc64fa46592,resume_user22.pdf,https://example.com/resumes/resume_user22.pdf,This is a sample resume content for User22. Experienced in field 1.,2025-09-08 12:21:00+05:30
a7a5f2c3-918e-47b2-82ef-ae72dea3bb85,8ccb6b5a-1e7b-4491-a8ef-edbc3f1d5475,resume_user23.pdf,https://example.com/resumes/resume_user23.pdf,This is a sample resume content for User23. Experienced in field 2.,2025-09-08 12:22:00+05:30
f837a13c-044b-4c72-b81b-c2b2501f4a8b,56ea23b6-2786-44eb-90a7-e5c25c55ff05,resume_user24.pdf,https://example.com/resumes/resume_user24.pdf,This is a sample resume content for User24. Experienced in field 3.,2025-09-08 12:23:00+05:30
36d5af2f-1b76-49ce-8200-5a66123000af,8eb064d1-72ad-4022-a732-b35ffb966362,resume_user25.pdf,https://example.com/resumes/resume_user25.pdf,This is a sample resume content for User25. Experienced in field 4.,2025-09-08 12:24:00+05:30
9d1c25dd-586f-401e-ac31-8a09930debd4,8adcfbaa-ec91-4be2-b1d7-e4c8b3dec702,resume_user26.pdf,https://example.com/resumes/resume_user26.pdf,This is a sample resume content for User26. Experienced in field 5.,2025-09-08 12:25:00+05:30
e16103e7-0a6d-4013-a1fa-8b8d0663b9c7,3df3363f-264d-4f0d-bb17-064dc6eb4f51,resume_user27.pdf,https://example.com/resumes/resume_user27.pdf,This is a sample resume content for User27. Experienced in field 6.,2025-09-08 12:26:00+05:30
01f793fc-3c79-4238-bfce-846f1c1e3fc6,a7b2297b-e936-48a5-8dfd-0861d23097ad,resume_user28.pdf,https://example.com/resumes/resume_user28.pdf,This is a sample resume content for User28. Experienced in field 7.,2025-09-08 12:27:00+05:30
fac103db-427d-40ef-a014-ec8d25477d4e,c27d2526-88ed-4c07-a595-c6564e3dd36b,resume_user29.pdf,https://example.com/resumes/resume_user29.pdf,This is a sample resume content for User29. Experienced in field 8.,2025-09-08 12:28:00+05:30
5c37130f-451e-4127-be40-20a5b5f4724e,3535036f-33b9-4f42-8a06-d785c6d01bde,resume_user30.pdf,https://example.com/resumes/resume_user30.pdf,This is a sample resume content for User30. Experienced in field 9.,2025-09-08 12:29:00+05:30
9cee4f89-3329-4a1e-9829-3c2ed385b695,e05fd741-8e9e-415d-b1e2-0ab9bbcc6c7c,resume_user31.pdf,https://example.com/resumes/resume_user31.pdf,This is a sample resume content for User31. Experienced in field 0.,2025-09-08 12:30:00+05:30
92afde43-eec2-4a9d-93f6-7bc3994c904c,d6e3393e-230e-4f77-9c1b-1451e60e8c71,resume_user32.pdf,https://example.com/resumes/resume_user32.pdf,This is a sample resume content for User32. Experienced in field 1.,2025-09-08 12:31:00+05:30
628882d4-53d3-42d2-92d4-4fd1432bbf79,dabaae69-7fed-4156-8d07-1aeca3247653,resume_user33.pdf,https://example.com/resumes/resume_user33.pdf,This is a sample resume content for User33. Experienced in field 2.,2025-09-08 12:32:00+05:30
dc3e1e74-4d57-49db-b0f6-c98bcccc7c57,f60c2b41-6200-49f1-b9f4-db28da182586,resume_user34.pdf,https://example.com/resumes/resume_user34.pdf,This is a sample resume content for User34. Experienced in field 3.,2025-09-08 12:33:00+05:30
c5929408-5f02-442b-8904-878559fecaf5,3d711bd5-2da7-4530-8971-894a3953c5ac,resume_user35.pdf,https://example.com/resumes/resume_user35.pdf,This is a sample resume content for User35. Experienced in field 4.,2025-09-08 12:34:00+05:30
f8d2c8db-c880-4056-a9b1-06e2d870f7b9,3a099e8e-4b25-43c1-93a6-de56644572a4,resume_user36.pdf,https://example.com/resumes/resume_user36.pdf,This is a sample resume content for User36. Experienced in field 5.,2025-09-08 12:35:00+05:30
d97f5ba8-c887-4402-bfca-fbc1c1500890,6f7cc0a5-8240-47bd-ab93-890590f52bff,resume_user37.pdf,https://example.com/resumes/resume_user37.pdf,This is a sample resume content for User37. Experienced in field 6.,2025-09-08 12:36:00+05:30
9020d959-8799-4735-9096-ce784ab1d531,c6c3b20e-2a61-420a-bd8a-2215229bcbe1,resume_user38.pdf,https://example.com/resumes/resume_user38.pdf,This is a sample resume content for User38. Experienced in field 7.,2025-09-08 12:37:00+05:30
20f6b5e2-ba84-4c3a-9352-7dee027845c2,0c06842a-9db9-4e2d-88b8-6fb410156d09,resume_user39.pdf,https://example.com/resumes/resume_user39.pdf,This is a sample resume content for User39. Experienced in field 8.,2025-09-08 12:38:00+05:30
84f92040-2093-4d48-8e14-6907ee7c9d3d,413a132d-c862-4753-995b-2c99f92ec100,resume_user40.pdf,https://example.com/resumes/resume_user40.pdf,This is a sample resume content for User40. Experienced in field 9.,2025-09-08 12:39:00+05:30
63ffd9c6-ba8d-419d-8f82-dab6b5079b0f,380ab375-eb5f-41fc-bf64-dc22ae8b83e1,resume_user41.pdf,https://example.com/resumes/resume_user41.pdf,This is a sample resume content for User41. Experienced in field 0.,2025-09-08 12:40:00+05:30
be3b329c-efe3-4a5b-8081-20824b8c9a83,fd6f197a-fab2-418d-9a94-f3125f53e2ca,resume_user42.pdf,https://example.com/resumes/resume_user42.pdf,This is a sample resume content for User42. Experienced in field 1.,2025-09-08 12:41:00+05:30
8126b1a4-ab29-4f87-9491-17a285c2f7e4,1b7872f8-ab4c-4f46-8520-5ca77c6b65c4,resume_user43.pdf,https://example.com/resumes/resume_user43.pdf,This is a sample resume content for User43. Experienced in field 2.,2025-09-08 12:42:00+05:30
836084e0-8d92-46e2-aa73-02abe9675700,e56a54a3-363a-4245-be7b-0959521658f1,resume_user44.pdf,https://example.com/resumes/resume_user44.pdf,This is a sample resume content for User44. Experienced in field 3.,2025-09-08 12:43:00+05:30
8308715c-fe92-46c6-94c6-072c1bf117ad,1b48ab60-431c-49ca-89f9-246c6d12640f,resume_user45.pdf,https://example.com/resumes/resume_user45.pdf,This is a sample resume content for User45. Experienced in field 4.,2025-09-08 12:44:00+05:30
9ab71e1e-81b6-4b99-a363-2bb675f68e50,3da98152-a233-4adf-b698-53112d5a2fbd,resume_user46.pdf,https://example.com/resumes/resume_user46.pdf,This is a sample resume content for User46. Experienced in field 5.,2025-09-08 12:45:00+05:30
c9b2b7a7-c998-4c9d-a2f0-419c2d182225,1d90eeae-fd1f-42a3-ae91-a75fc81cddb6,resume_user47.pdf,https://example.com/resumes/resume_user47.pdf,This is a sample resume content for User47. Experienced in field 6.,2025-09-08 12:46:00+05:30
f218231a-8b37-48df-b175-ae31c1c4e51c,6b9b1d58-8bb6-47d6-9c9d-ea6d53155f07,resume_user48.pdf,https://example.com/resumes/resume_user48.pdf,This is a sample resume content for User48. Experienced in field 7.,2025-09-08 12:47:00+05:30
00cbeefc-3ffc-4d03-b8fc-55fb20fa61f2,25674810-bdcb-46f8-b58e-a2ae54e0f60d,resume_user49.pdf,https://example.com/resumes/resume_user49.pdf,This is a sample resume content for User49. Experienced in field 8.,2025-09-08 12:48:00+05:30
2d4aaef9-2649-4483-b237-8a27b506c835,1963d9d3-0f75-4344-a885-eda204295a66,resume_user50.pdf,https://example.com/resumes/resume_user50.pdf,This is a sample resume content for User50. Experienced in field 9.,2025-09-08 12:49:00+05:30
b36630a1-d2ff-4cf2-8a2f-87a6b6ba4165,88119200-4733-4610-aeba-f3ee89d76d2f,resume_user51.pdf,https://example.com/resumes/resume_user51.pdf,This is a sample resume content for User51. Experienced in field 0.,2025-09-08 12:50:00+05:30
c89eb553-52e6-454d-bf14-606fed105d5c,a1770139-99cf-443b-abbb-68affebe6626,resume_user52.pdf,https://example.com/resumes/resume_user52.pdf,This is a sample resume content for User52. Experienced in field 1.,2025-09-08 12:51:00+05:30
0db16813-6c9c-4546-8dac-7d5917889abc,62cb307d-4fd2-4d57-89e3-cdf4b4a73ac8,resume_user53.pdf,https://example.com/resumes/resume_user53.pdf,This is a sample resume content for User53. Experienced in field 2.,2025-09-08 12:52:00+05:30
1e1ceaa7-bc23-4360-8380-8d6106bf9e5d,403cd41d-10d5-4c5a-9a79-51dd595cc23e,resume_user54.pdf,https://example.com/resumes/resume_user54.pdf,This is a sample resume content for User54. Experienced in field 3.,2025-09-08 12:53:00+05:30
0b9d46c3-839e-4b26-9fc5-658433bde231,438e8ae1-62da-4965-8abd-890764e71e36,resume_user55.pdf,https://example.com/resumes/resume_user55.pdf,This is a sample resume content for User55. Experienced in field 4.,2025-09-08 12:54:00+05:30
09742bf2-08cb-4d01-8c17-84652aa178f5,14bf4f78-f2b3-4291-8cf2-663ea77df1c5,resume_user56.pdf,https://example.com/resumes/resume_user56.pdf,This is a sample resume content for User56. Experienced in field 5.,2025-09-08 12:55:00+05:30
e1f2968d-91c2-4284-9271-127e0e35659a,83bb5f45-a8c3-4c55-8268-78d991f99bd5,resume_user57.pdf,https://example.com/resumes/resume_user57.pdf,This is a sample resume content for User57. Experienced in field 6.,2025-09-08 12:56:00+05:30
9aa23783-8ec6-4255-90fd-83253f5bda96,5f5615d9-e27a-49a4-820b-4b895eea306c,resume_user58.pdf,https://example.com/resumes/resume_user58.pdf,This is a sample resume content for User58. Experienced in field 7.,2025-09-08 12:57:00+05:30
927878a0-62ea-4004-9ae2-447e3a23fc4e,7b51eb9b-039e-4fa3-ae75-c84052eaa62f,resume_user59.pdf,https://example.com/resumes/resume_user59.pdf,This is a sample resume content for User59. Experienced in field 8.,2025-09-08 12:58:00+05:30
5985b376-224a-4b11-a4ce-6dda609b636a,29d0bf11-e72f-40c4-967b-c3855bd01c6e,resume_user60.pdf,https://example.com/resumes/resume_user60.pdf,This is a sample resume content for User60. Experienced in field 9.,2025-09-08 12:59:00+05:30
d3e14b12-5f75-4af8-931e-9dfa6a171313,b5a30826-4f89-4174-a2d1-c89d5d53b088,resume_user61.pdf,https://example.com/resumes/resume_user61.pdf,This is a sample resume content for User61. Experienced in field 0.,2025-09-08 13:00:00+05:30
0c29e915-7ddc-43fc-b0ae-8ba064de9073,64444f8d-6ce0-4f50-8b41-e8e9c147dce3,resume_user62.pdf,https://example.com/resumes/resume_user62.pdf,This is a sample resume content for User62. Experienced in field 1.,2025-09-08 13:01:00+05:30
ce948b43-9130-4c6c-9f90-cb0342f68ee0,c901c922-fa30-4851-8f86-fe45489154a6,resume_user63.pdf,https://example.com/resumes/resume_user63.pdf,This is a sample resume content for User63. Experienced in field 2.,2025-09-08 13:02:00+05:30
f3bacea4-d0ee-4003-ac1f-9a0b1d2f002b,86e2e82e-ee72-4d23-b66b-ccfdf15ad99f,resume_user64.pdf,https://example.com/resumes/resume_user64.pdf,This is a sample resume content for User64. Experienced in field 3.,2025-09-08 13:03:00+05:30
563c614f-e181-48c8-aea7-eeb454d86e1e,47b0ce43-4191-4f8c-bf95-35931abf056e,resume_user65.pdf,https://example.com/resumes/resume_user65.pdf,This is a sample resume content for User65. Experienced in field 4.,2025-09-08 13:04:00+05:30
95a43720-b65f-478e-babd-d113cf072e98,cee845b2-b7ec-4059-89d8-8181d9d76aa0,resume_user66.pdf,https://example.com/resumes/resume_user66.pdf,This is a sample resume content for User66. Experienced in field 5.,2025-09-08 13:05:00+05:30
14301e35-dd7f-4a10-ad66-b38e7b7c3031,ecf3c4d1-5784-4264-8af4-ec50fbada24a,resume_user67.pdf,https://example.com/resumes/resume_user67.pdf,This is a sample resume content for User67. Experienced in field 6.,2025-09-08 13:06:00+05:30
aa6b16d1-34a5-48e5-8113-dc1c2074f812,4ad486a9-2ab1-4fea-8e83-6cebe6e15300,resume_user68.pdf,https://example.com/resumes/resume_user68.pdf,This is a sample resume content for User68. Experienced in field 7.,2025-09-08 13:07:00+05:30
75755b15-2959-4cd7-a8c4-e4bef66396d7,fb78cdaf-47bb-4ebd-8636-d38ba8d306d0,resume_user69.pdf,https://example.com/resumes/resume_user69.pdf,This is a sample resume content for User69. Experienced in field 8.,2025-09-08 13:08:00+05:30
4fea2712-cb34-4462-8468-baafe3c47854,7422334f-6447-4871-bdfb-80bdbc1c9caa,resume_user70.pdf,https://example.com/resumes/resume_user70.pdf,This is a sample resume content for User70. Experienced in field 9.,2025-09-08 13:09:00+05:30
1e322157-e333-48db-8798-771befad8df1,e8eeb827-a936-499d-9d2d-c956c09c5c1e,resume_user71.pdf,https://example.com/resumes/resume_user71.pdf,This is a sample resume content for User71. Experienced in field 0.,2025-09-08 13:10:00+05:30
958cbc2f-23ad-4d97-b13d-c313ce2959a0,3299b0ff-7697-4464-afa2-00839359e118,resume_user72.pdf,https://example.com/resumes/resume_user72.pdf,This is a sample resume content for User72. Experienced in field 1.,2025-09-08 13:11:00+05:30
65ccb94d-3b5a-4083-a1a5-01bdf7752b15,488948c3-1a80-4e20-beef-e788f72135ef,resume_user73.pdf,https://example.com/resumes/resume_user73.pdf,This is a sample resume content for User73. Experienced in field 2.,2025-09-08 13:12:00+05:30
4b3e17f1-cb84-42ca-98e3-f5e721e4b27b,982ece28-3584-45c2-96ef-071a80f8cbbc,resume_user74.pdf,https://example.com/resumes/resume_user74.pdf,This is a sample resume content for User74. Experienced in field 3.,2025-09-08 13:13:00+05:30
6e7a04db-6234-47ec-b87b-b4ba92c8afa4,7e006a57-7c00-400a-93b6-8a3f175be1d3,resume_user75.pdf,https://example.com/resumes/resume_user75.pdf,This is a sample resume content for User75. Experienced in field 4.,2025-09-08 13:14:00+05:30
bc233b2d-407f-43a0-9b4f-01dd6320c22b,4c949341-4c92-4cf6-9789-3a82650cf91c,resume_user76.pdf,https://example.com/resumes/resume_user76.pdf,This is a sample resume content for User76. Experienced in field 5.,2025-09-08 13:15:00+05:30
52432bf4-957e-4e9a-acdd-9e361f812240,e4c4edab-ae4d-49b0-9929-82495561846b,resume_user77.pdf,https://example.com/resumes/resume_user77.pdf,This is a sample resume content for User77. Experienced in field 6.,2025-09-08 13:16:00+05:30
1993beb8-7b86-4ae5-91f4-e1994d390828,94bcde34-4888-4c3c-97d3-9c615d3ed880,resume_user78.pdf,https://example.com/resumes/resume_user78.pdf,This is a sample resume content for User78. Experienced in field 7.,2025-09-08 13:17:00+05:30
a26172fc-5a03-4811-9ce1-384bf86a98e7,f8016a1b-6ea4-445f-8054-e2e5869dc46d,resume_user79.pdf,https://example.com/resumes/resume_user79.pdf,This is a sample resume content for User79. Experienced in field 8.,2025-09-08 13:18:00+05:30
9bc1dfb9-0356-4209-b809-5c65ebe8b019,170b1ede-cd9e-402f-8f9d-0938a4dbe6a8,resume_user80.pdf,https://example.com/resumes/resume_user80.pdf,This is a sample resume content for User80. Experienced in field 9.,2025-09-08 13:19:00+05:30
b75e9212-38ac-4a2a-9b61-7f47c78e7b8a,8b94558c-59a9-41d8-8ab8-10b828ee526b,resume_user81.pdf,https://example.com/resumes/resume_user81.pdf,This is a sample resume content for User81. Experienced in field 0.,2025-09-08 13:20:00+05:30
35e70439-a0a9-49cf-86ef-07ef862369c9,f9ce2c60-a2e2-4cb8-b8cd-bff682acca8e,resume_user82.pdf,https://example.com/resumes/resume_user82.pdf,This is a sample resume content for User82. Experienced in field 1.,2025-09-08 13:21:00+05:30
9fd49a86-672a-4b04-94e3-0ddc3a87b629,d89d6642-3aa5-4fcc-a47d-9167f36d538b,resume_user83.pdf,https://example.com/resumes/resume_user83.pdf,This is a sample resume content for User83. Experienced in field 2.,2025-09-08 13:22:00+05:30
98c9104e-2bb6-42c5-964c-e4d7a3209d74,7928013b-586e-45af-855a-def71f169a09,resume_user84.pdf,https://example.com/resumes/resume_user84.pdf,This is a sample resume content for User84. Experienced in field 3.,2025-09-08 13:23:00+05:30
1f2dcf1f-f0d8-4969-b112-87fc47d60a2c,616b5159-4e2a-4c21-aa07-a86efc994b3b,resume_user85.pdf,https://example.com/resumes/resume_user85.pdf,This is a sample resume content for User85. Experienced in field 4.,2025-09-08 13:24:00+05:30
4f9a266a-47b6-43b8-b1f1-50ee1a36f67d,542137e5-3083-4fb3-ba5c-e2817c8d7a99,resume_user86.pdf,https://example.com/resumes/resume_user86.pdf,This is a sample resume content for User86. Experienced in field 5.,2025-09-08 13:25:00+05:30
a15347f6-c159-416b-840c-cc14fec66585,46dafdbd-154a-4819-a503-56a628144055,resume_user87.pdf,https://example.com/resumes/resume_user87.pdf,This is a sample resume content for User87. Experienced in field 6.,2025-09-08 13:26:00+05:30
b2e2c161-1810-46ce-91ba-0a245bc0c286,682f9a69-1119-4fe9-86ab-a80fbb464d54,resume_user88.pdf,https://example.com/resumes/resume_user88.pdf,This is a sample resume content for User88. Experienced in field 7.,2025-09-08 13:27:00+05:30
5c874eb0-4ab3-4d7d-b80f-5235fcd4049c,a4585ed7-205a-4988-904e-dc151d4cfb9a,resume_user89.pdf,https://example.com/resumes/resume_user89.pdf,This is a sample resume content for User89. Experienced in field 8.,2025-09-08 13:28:00+05:30
63da6bc3-10ea-4263-af98-1970a34b0878,23c36437-1cb3-42dc-81b7-d916659f50db,resume_user90.pdf,https://example.com/resumes/resume_user90.pdf,This is a sample resume content for User90. Experienced in field 9.,2025-09-08 13:29:00+05:30
94416d63-aaa0-4d8b-9fae-b1d184532932,384d1c2e-14dc-457b-8b87-033963f4db30,resume_user91.pdf,https://example.com/resumes/resume_user91.pdf,This is a sample resume content for User91. Experienced in field 0.,2025-09-08 13:30:00+05:30
45aa7e17-899a-43f0-bea2-1ccd8330c2e7,b67858c8-c2f8-44c7-a413-76c427a43e85,resume_user92.pdf,https://example.com/resumes/resume_user92.pdf,This is a sample resume content for User92. Experienced in field 1.,2025-09-08 13:31:00+05:30
e0911486-9e8d-42fc-94fb-b07dc798afa6,4de80f0f-0560-41aa-9b1d-43c194980dbd,resume_user93.pdf,https://example.com/resumes/resume_user93.pdf,This is a sample resume content for User93. Experienced in field 2.,2025-09-08 13:32:00+05:30
03610352-4706-425d-b93a-4ec58067a600,f9add0b3-4d8d-46fd-81b3-af2845a8f5ea,resume_user94.pdf,https://example.com/resumes/resume_user94.pdf,This is a sample resume content for User94. Experienced in field 3.,2025-09-08 13:33:00+05:30
526f323f-1666-4c79-af48-a9c70dbad919,78d0d295-3f7b-405a-99eb-168ec4d0be48,resume_user95.pdf,https://example.com/resumes/resume_user95.pdf,This is a sample resume content for User95. Experienced in field 4.,2025-09-08 13:34:00+05:30
edc12f58-218c-4c86-ac3a-f5940462766c,a6f01eb7-ed2c-4079-ab21-2e073a8547e2,resume_user96.pdf,https://example.com/resumes/resume_user96.pdf,This is a sample resume content for User96. Experienced in field 5.,2025-09-08 13:35:00+05:30
4bbb56fc-11a7-48de-ba0d-bfb2157d8861,7f73aeca-c0de-4bcb-96fa-6025c6de41d3,resume_user97.pdf,https://example.com/resumes/resume_user97.pdf,This is a sample resume content for User97. Experienced in field 6.,2025-09-08 13:36:00+05:30
75830225-c470-49aa-a049-714fa55cf151,757f2195-90df-4cf4-ae41-4535bcbc938c,resume_user98.pdf,https://example.com/resumes/resume_user98.pdf,This is a sample resume content for User98. Experienced in field 7.,2025-09-08 13:37:00+05:30
bbf04d9f-81e6-4bda-a00f-08509dcab98e,3c3b1d86-5e0b-4da4-b972-e8ccfdf36179,resume_user99.pdf,https://example.com/resumes/resume_user99.pdf,This is a sample resume content for User99. Experienced in field 8.,2025-09-08 13:38:00+05:30
cbea3f5d-1196-4753-a263-41b5bf9aee29,31ccfc92-55e6-4853-b950-9bcc0005871f,resume_user100.pdf,https://example.com/resumes/resume_user100.pdf,This is a sample resume content for User100. Experienced in field 9.,2025-09-08 13:39:00+05:30
